Keyword,Intents,Volume,Keyword Difficulty,CPC,Competition Density,purpleheartlimo.com,premierofdallas.com,unitedcls.com,primelimo.com,dfwlimoservice.net,purpleheartlimo.com (pages),premierofdallas.com (pages),unitedcls.com (pages),primelimo.com (pages),dfwlimoservice.net (pages),Results
executive car service dallas,Commercial,90,23,3.15,0.73,0,5,71,7,22,,https://www.premierofdallas.com/,https://unitedcls.com/corporate-transportation-dallas/,https://www.primelimo.com/,https://dfwlimoservice.net/,81700000
corporate transportation dallas,Commercial,70,6,0.00,0.04,0,4,26,12,24,,https://www.premierofdallas.com/,https://unitedcls.com/corporate-transportation-dallas/,https://www.primelimo.com/executive-transport/,https://dfwlimoservice.net/service/corporate-transportation/,123
airport shuttle service dallas tx,Informational,50,42,2.47,0.21,0,13,80,31,41,,https://www.premierofdallas.com/,https://unitedcls.com/car-service-dallas-love-field/,https://www.primelimo.com/dfw-airport-shuttle-dal-airport-shuttle-airport-transportations/,https://dfwlimoservice.net/,137
car service dallas love field,Commercial,50,14,4.73,0.64,0,64,47,18,25,,https://www.premierofdallas.com/,https://unitedcls.com/car-service-dallas-love-field/,https://www.primelimo.com/new-limo-pick-up-at-love-field/,https://www.dfwlimoservice.net/service-area/dallas-love-field-airport-limo-service/,108
dal car service,Informational,50,16,0.00,0.86,0,10,35,15,24,,https://www.premierofdallas.com/,https://unitedcls.com/car-service-dallas-love-field/,https://www.primelimo.com/dfw-airport-shuttle-dal-airport-shuttle-airport-transportations/,https://www.dfwlimoservice.net/service-area/dallas-love-field-airport-limo-service/,131000000
dallas corporate transportation,Commercial,40,12,0.00,0.00,0,2,36,21,5,,https://www.premierofdallas.com/,https://unitedcls.com/corporate-transportation-dallas/,https://www.primelimo.com/,https://dfwlimoservice.net/service/corporate-transportation/,125
limo service in university park tx,Commercial,40,23,0.00,0.00,0,22,65,3,6,,https://www.premierofdallas.com/,https://unitedcls.com/,https://www.primelimo.com/,https://dfwlimoservice.net/,2200000
party bus christmas lights tour dallas,Informational,40,0,0.00,0.33,0,57,5,42,22,,https://www.premierofdallas.com/christmas-lights-tour,https://unitedcls.com/party-bus-christmas-lights-tour-dallas-2025/,https://www.primelimo.com/merry-christmas-too-soon/,https://dfwlimoservice.net/service/holiday-lights-tours/,118
dallas wedding transportation,"Commercial, Informational",30,5,4.58,0.37,0,2,56,10,3,,https://www.premierofdallas.com/,https://unitedcls.com/wedding-transportation-dallas/,https://www.primelimo.com/,https://dfwlimoservice.net/from-ceremony-to-reception-seamless-wedding-transportation-in-dallas/,115
wedding transportation dallas tx,Commercial,30,12,4.58,0.37,0,1,37,9,11,,https://www.premierofdallas.com/,https://unitedcls.com/wedding-transportation-dallas/,https://www.primelimo.com/,https://dfwlimoservice.net/from-ceremony-to-reception-seamless-wedding-transportation-in-dallas/,2960000
