Page URL,Link URL,HTTP Code,Discovered
https://www.nwtowing.com/,https://wa.me/12148820100?text=Hi! I'd like to get a quote or ask about your towing services.,429,27 May 2026 (16:27 UTC)
https://www.nwtowing.com/,https://www.tdlr.texas.gov/search/towing/,404,27 May 2026 (16:27 UTC)
https://www.nwtowing.com/about/,https://wa.me/12148820100?text=Hi! I'd like to get a quote or ask about your towing services.,429,27 May 2026 (16:27 UTC)
https://www.nwtowing.com/about/,https://www.tdlr.texas.gov/search/towing/,404,27 May 2026 (16:27 UTC)
https://www.nwtowing.com/areas/arlington/,https://www.tdlr.texas.gov/search/towing/,404,27 May 2026 (16:27 UTC)
https://www.nwtowing.com/areas/arlington/,https://wa.me/12148820100?text=Hi! I'd like to get a quote or ask about your towing services.,429,27 May 2026 (16:27 UTC)
https://www.nwtowing.com/blog/,https://www.tdlr.texas.gov/search/towing/,404,27 May 2026 (16:27 UTC)
https://www.nwtowing.com/blog/,https://wa.me/12148820100?text=Hi! I'd like to get a quote or ask about your towing services.,429,27 May 2026 (16:27 UTC)
https://www.nwtowing.com/blog/112,https://www.tdlr.texas.gov/search/towing/,404,27 May 2026 (16:27 UTC)
https://www.nwtowing.com/blog/112,https://wa.me/12148820100?text=Hi! I'd like to get a quote or ask about your towing services.,429,27 May 2026 (16:27 UTC)
https://www.nwtowing.com/blog/113,https://www.tdlr.texas.gov/search/towing/,404,27 May 2026 (16:27 UTC)
https://www.nwtowing.com/blog/113,https://wa.me/12148820100?text=Hi! I'd like to get a quote or ask about your towing services.,429,27 May 2026 (16:27 UTC)
https://www.nwtowing.com/blog/13,https://wa.me/12148820100?text=Hi! I'd like to get a quote or ask about your towing services.,429,27 May 2026 (16:27 UTC)
https://www.nwtowing.com/blog/13,https://www.tdlr.texas.gov/search/towing/,404,27 May 2026 (16:27 UTC)
https://www.nwtowing.com/blog/164,https://www.tdlr.texas.gov/search/towing/,404,27 May 2026 (16:27 UTC)
https://www.nwtowing.com/blog/164,https://wa.me/12148820100?text=Hi! I'd like to get a quote or ask about your towing services.,429,27 May 2026 (16:27 UTC)
https://www.nwtowing.com/blog/165,https://www.tdlr.texas.gov/search/towing/,404,27 May 2026 (16:27 UTC)
https://www.nwtowing.com/blog/165,https://wa.me/12148820100?text=Hi! I'd like to get a quote or ask about your towing services.,429,27 May 2026 (16:27 UTC)
https://www.nwtowing.com/blog/170,https://wa.me/12148820100?text=Hi! I'd like to get a quote or ask about your towing services.,429,27 May 2026 (16:27 UTC)
https://www.nwtowing.com/blog/170,https://www.tdlr.texas.gov/search/towing/,404,27 May 2026 (16:27 UTC)
https://www.nwtowing.com/blog/218,https://www.tdlr.texas.gov/search/towing/,404,27 May 2026 (16:27 UTC)
https://www.nwtowing.com/blog/218,https://wa.me/12148820100?text=Hi! I'd like to get a quote or ask about your towing services.,429,27 May 2026 (16:27 UTC)
https://www.nwtowing.com/blog/219,https://www.tdlr.texas.gov/search/towing/,404,27 May 2026 (16:27 UTC)
https://www.nwtowing.com/blog/219,https://wa.me/12148820100?text=Hi! I'd like to get a quote or ask about your towing services.,429,27 May 2026 (16:27 UTC)
https://www.nwtowing.com/blog/224,https://www.tdlr.texas.gov/search/towing/,404,27 May 2026 (16:27 UTC)
https://www.nwtowing.com/blog/224,https://wa.me/12148820100?text=Hi! I'd like to get a quote or ask about your towing services.,429,27 May 2026 (16:27 UTC)
https://www.nwtowing.com/blog/281,https://www.tdlr.texas.gov/search/towing/,404,27 May 2026 (16:27 UTC)
https://www.nwtowing.com/blog/281,https://wa.me/12148820100?text=Hi! I'd like to get a quote or ask about your towing services.,429,27 May 2026 (16:27 UTC)
https://www.nwtowing.com/blog/282,https://www.tdlr.texas.gov/search/towing/,404,27 May 2026 (16:27 UTC)
https://www.nwtowing.com/blog/282,https://wa.me/12148820100?text=Hi! I'd like to get a quote or ask about your towing services.,429,27 May 2026 (16:27 UTC)
https://www.nwtowing.com/blog/335,https://wa.me/12148820100?text=Hi! I'd like to get a quote or ask about your towing services.,429,27 May 2026 (16:27 UTC)
https://www.nwtowing.com/blog/335,https://www.tdlr.texas.gov/search/towing/,404,27 May 2026 (16:27 UTC)
https://www.nwtowing.com/blog/340,https://wa.me/12148820100?text=Hi! I'd like to get a quote or ask about your towing services.,429,27 May 2026 (16:27 UTC)
https://www.nwtowing.com/blog/340,https://www.tdlr.texas.gov/search/towing/,404,27 May 2026 (16:27 UTC)
https://www.nwtowing.com/blog/341,https://wa.me/12148820100?text=Hi! I'd like to get a quote or ask about your towing services.,429,27 May 2026 (16:27 UTC)
https://www.nwtowing.com/blog/341,https://www.tdlr.texas.gov/search/towing/,404,27 May 2026 (16:27 UTC)
https://www.nwtowing.com/blog/391,https://www.tdlr.texas.gov/search/towing/,404,27 May 2026 (16:27 UTC)
https://www.nwtowing.com/blog/391,https://wa.me/12148820100?text=Hi! I'd like to get a quote or ask about your towing services.,429,27 May 2026 (16:27 UTC)
https://www.nwtowing.com/blog/392,https://wa.me/12148820100?text=Hi! I'd like to get a quote or ask about your towing services.,429,27 May 2026 (16:27 UTC)
https://www.nwtowing.com/blog/392,https://www.tdlr.texas.gov/search/towing/,404,27 May 2026 (16:27 UTC)
https://www.nwtowing.com/blog/446,https://www.tdlr.texas.gov/search/towing/,404,27 May 2026 (16:27 UTC)
https://www.nwtowing.com/blog/446,https://wa.me/12148820100?text=Hi! I'd like to get a quote or ask about your towing services.,429,27 May 2026 (16:27 UTC)
https://www.nwtowing.com/blog/447,https://wa.me/12148820100?text=Hi! I'd like to get a quote or ask about your towing services.,429,27 May 2026 (16:27 UTC)
https://www.nwtowing.com/blog/447,https://www.tdlr.texas.gov/search/towing/,404,27 May 2026 (16:27 UTC)
https://www.nwtowing.com/blog/497,https://wa.me/12148820100?text=Hi! I'd like to get a quote or ask about your towing services.,429,27 May 2026 (16:27 UTC)
https://www.nwtowing.com/blog/497,https://www.tdlr.texas.gov/search/towing/,404,27 May 2026 (16:27 UTC)
https://www.nwtowing.com/blog/498,https://www.tdlr.texas.gov/search/towing/,404,27 May 2026 (16:27 UTC)
https://www.nwtowing.com/blog/498,https://wa.me/12148820100?text=Hi! I'd like to get a quote or ask about your towing services.,429,27 May 2026 (16:27 UTC)
https://www.nwtowing.com/blog/505,https://www.tdlr.texas.gov/search/towing/,404,27 May 2026 (16:27 UTC)
https://www.nwtowing.com/blog/505,https://wa.me/12148820100?text=Hi! I'd like to get a quote or ask about your towing services.,429,27 May 2026 (16:27 UTC)
https://www.nwtowing.com/blog/510,https://wa.me/12148820100?text=Hi! I'd like to get a quote or ask about your towing services.,429,27 May 2026 (16:27 UTC)
https://www.nwtowing.com/blog/510,https://www.tdlr.texas.gov/search/towing/,404,27 May 2026 (16:27 UTC)
https://www.nwtowing.com/blog/511,https://www.tdlr.texas.gov/search/towing/,404,27 May 2026 (16:27 UTC)
https://www.nwtowing.com/blog/511,https://wa.me/12148820100?text=Hi! I'd like to get a quote or ask about your towing services.,429,27 May 2026 (16:27 UTC)
https://www.nwtowing.com/blog/556,https://wa.me/12148820100?text=Hi! I'd like to get a quote or ask about your towing services.,429,27 May 2026 (16:27 UTC)
https://www.nwtowing.com/blog/556,https://www.tdlr.texas.gov/search/towing/,404,27 May 2026 (16:27 UTC)
https://www.nwtowing.com/blog/557,https://www.tdlr.texas.gov/search/towing/,404,27 May 2026 (16:27 UTC)
https://www.nwtowing.com/blog/557,https://wa.me/12148820100?text=Hi! I'd like to get a quote or ask about your towing services.,429,27 May 2026 (16:27 UTC)
https://www.nwtowing.com/blog/562,https://wa.me/12148820100?text=Hi! I'd like to get a quote or ask about your towing services.,429,27 May 2026 (16:27 UTC)
https://www.nwtowing.com/blog/562,https://www.tdlr.texas.gov/search/towing/,404,27 May 2026 (16:27 UTC)
https://www.nwtowing.com/blog/616,https://wa.me/12148820100?text=Hi! I'd like to get a quote or ask about your towing services.,429,27 May 2026 (16:27 UTC)
https://www.nwtowing.com/blog/616,https://www.tdlr.texas.gov/search/towing/,404,27 May 2026 (16:27 UTC)
https://www.nwtowing.com/blog/617,https://www.tdlr.texas.gov/search/towing/,404,27 May 2026 (16:27 UTC)
https://www.nwtowing.com/blog/617,https://wa.me/12148820100?text=Hi! I'd like to get a quote or ask about your towing services.,429,27 May 2026 (16:27 UTC)
https://www.nwtowing.com/blog/66,https://wa.me/12148820100?text=Hi! I'd like to get a quote or ask about your towing services.,429,27 May 2026 (16:27 UTC)
https://www.nwtowing.com/blog/66,https://www.tdlr.texas.gov/search/towing/,404,27 May 2026 (16:27 UTC)
https://www.nwtowing.com/blog/7,https://www.tdlr.texas.gov/search/towing/,404,27 May 2026 (16:27 UTC)
https://www.nwtowing.com/blog/7,https://wa.me/12148820100?text=Hi! I'd like to get a quote or ask about your towing services.,429,27 May 2026 (16:27 UTC)
https://www.nwtowing.com/blog/70,https://wa.me/12148820100?text=Hi! I'd like to get a quote or ask about your towing services.,429,27 May 2026 (16:27 UTC)
https://www.nwtowing.com/blog/70,https://www.tdlr.texas.gov/search/towing/,404,27 May 2026 (16:27 UTC)
https://www.nwtowing.com/careers/,https://wa.me/12148820100?text=Hi! I'd like to get a quote or ask about your towing services.,429,27 May 2026 (16:27 UTC)
https://www.nwtowing.com/careers/,https://www.tdlr.texas.gov/search/towing/,404,27 May 2026 (16:27 UTC)
https://www.nwtowing.com/contact/,https://www.tdlr.texas.gov/search/towing/,404,27 May 2026 (16:27 UTC)
https://www.nwtowing.com/contact/,https://wa.me/12148820100?text=Hi! I'd like to get a quote or ask about your towing services.,429,27 May 2026 (16:27 UTC)
https://www.nwtowing.com/faq/,https://www.tdlr.texas.gov/search/towing/,404,27 May 2026 (16:27 UTC)
https://www.nwtowing.com/faq/,https://wa.me/12148820100?text=Hi! I'd like to get a quote or ask about your towing services.,429,27 May 2026 (16:27 UTC)
https://www.nwtowing.com/fleet/,https://wa.me/12148820100?text=Hi! I'd like to get a quote or ask about your towing services.,429,27 May 2026 (16:27 UTC)
https://www.nwtowing.com/fleet/,https://www.tdlr.texas.gov/search/towing/,404,27 May 2026 (16:27 UTC)
https://www.nwtowing.com/gallery/,https://wa.me/12148820100?text=Hi! I'd like to get a quote or ask about your towing services.,429,27 May 2026 (16:27 UTC)
https://www.nwtowing.com/gallery/,https://www.tdlr.texas.gov/search/towing/,404,27 May 2026 (16:27 UTC)
https://www.nwtowing.com/payments/,https://wa.me/12148820100?text=Hi! I'd like to get a quote or ask about your towing services.,429,27 May 2026 (16:27 UTC)
https://www.nwtowing.com/payments/,https://www.tdlr.texas.gov/search/towing/,404,27 May 2026 (16:27 UTC)
https://www.nwtowing.com/privacy/,https://www.tdlr.texas.gov/search/towing/,404,27 May 2026 (16:27 UTC)
https://www.nwtowing.com/privacy/,https://wa.me/12148820100?text=Hi! I'd like to get a quote or ask about your towing services.,429,27 May 2026 (16:27 UTC)
https://www.nwtowing.com/reviews/,https://wa.me/12148820100?text=Hi! I'd like to get a quote or ask about your towing services.,429,27 May 2026 (16:27 UTC)
https://www.nwtowing.com/reviews/,https://www.tdlr.texas.gov/search/towing/,404,27 May 2026 (16:27 UTC)
https://www.nwtowing.com/services/,https://wa.me/12148820100?text=Hi! I'd like to get a quote or ask about your towing services.,429,27 May 2026 (16:27 UTC)
https://www.nwtowing.com/services/,https://www.tdlr.texas.gov/search/towing/,404,27 May 2026 (16:27 UTC)
https://www.nwtowing.com/services/flatbed-towing/,https://www.tdlr.texas.gov/search/towing/,404,27 May 2026 (16:27 UTC)
https://www.nwtowing.com/services/flatbed-towing/,https://wa.me/12148820100?text=Hi! I'd like to get a quote or ask about your towing services.,429,27 May 2026 (16:27 UTC)
https://www.nwtowing.com/services/heavy-equipment-transport/,https://www.tdlr.texas.gov/search/towing/,404,27 May 2026 (16:27 UTC)
https://www.nwtowing.com/services/heavy-equipment-transport/,https://wa.me/12148820100?text=Hi! I'd like to get a quote or ask about your towing services.,429,27 May 2026 (16:27 UTC)
https://www.nwtowing.com/services/insurance-dispatch/,https://www.tdlr.texas.gov/search/towing/,404,27 May 2026 (16:27 UTC)
https://www.nwtowing.com/services/insurance-dispatch/,https://wa.me/12148820100?text=Hi! I'd like to get a quote or ask about your towing services.,429,27 May 2026 (16:27 UTC)
https://www.nwtowing.com/services/luxury-exotic-transport/,https://wa.me/12148820100?text=Hi! I'd like to get a quote or ask about your towing services.,429,27 May 2026 (16:27 UTC)
https://www.nwtowing.com/services/luxury-exotic-transport/,https://www.tdlr.texas.gov/search/towing/,404,27 May 2026 (16:27 UTC)
https://www.nwtowing.com/sitemap,https://wa.me/12148820100?text=Hi! I'd like to get a quote or ask about your towing services.,429,27 May 2026 (16:27 UTC)
https://www.nwtowing.com/sitemap,https://www.tdlr.texas.gov/search/towing/,404,27 May 2026 (16:27 UTC)
https://www.nwtowing.com/terms/,https://www.tdlr.texas.gov/search/towing/,404,27 May 2026 (16:27 UTC)
https://www.nwtowing.com/terms/,https://wa.me/12148820100?text=Hi! I'd like to get a quote or ask about your towing services.,429,27 May 2026 (16:27 UTC)
https://www.nwtowing.com/track/,https://www.tdlr.texas.gov/search/towing/,404,27 May 2026 (16:27 UTC)
https://www.nwtowing.com/track/,https://wa.me/12148820100?text=Hi! I'd like to get a quote or ask about your towing services.,429,27 May 2026 (16:27 UTC)
