Page URL,Link URL,Anchor Text,Discovered
https://purpleheartlimo.com/es/booking.html,https://purpleheartlimo.com/about.html,Más ▾,03 Jun 2026 (23:17 UTC)
https://purpleheartlimo.com/blog/airport-transfers-made-easy-stress-free-travel-with-limo-services/,https://purpleheartlimo.com/about.html,More ▾,03 Jun 2026 (21:33 UTC)
https://purpleheartlimo.com/blog/5-myths-about-limousine-services-in-austin-debunked/,https://purpleheartlimo.com/about.html,More ▾,03 Jun 2026 (21:33 UTC)
https://purpleheartlimo.com/blog/5-tips-for-booking-a-limo-in-austin-for-your-special-event/,https://purpleheartlimo.com/about.html,More ▾,03 Jun 2026 (21:33 UTC)
https://purpleheartlimo.com/blog/,https://purpleheartlimo.com/about.html,More ▾,27 May 2026 (00:47 UTC)
https://purpleheartlimo.com/,https://purpleheartlimo.com/about.html,More ▾,27 May 2026 (00:47 UTC)
https://purpleheartlimo.com/blog/frequently-asked-questions-about-hiring-a-limo-service-in-austin/,https://purpleheartlimo.com/about.html,More ▾,27 May 2026 (00:47 UTC)
https://purpleheartlimo.com/privacy-policy.html,https://purpleheartlimo.com/about.html,More ▾,27 May 2026 (00:47 UTC)
https://purpleheartlimo.com/rates.html,https://purpleheartlimo.com/about.html,More ▾,27 May 2026 (00:47 UTC)
https://purpleheartlimo.com/es/fleet.html,https://purpleheartlimo.com/about.html,Más ▾,27 May 2026 (00:47 UTC)
https://purpleheartlimo.com/service-areas.html,https://purpleheartlimo.com/about.html,More ▾,27 May 2026 (00:47 UTC)
https://purpleheartlimo.com/cancellation-policy.html,https://purpleheartlimo.com/about.html,More ▾,27 May 2026 (00:47 UTC)
https://purpleheartlimo.com/about.html,https://purpleheartlimo.com/about.html,More ▾,27 May 2026 (00:47 UTC)
https://purpleheartlimo.com/fleet.html,https://purpleheartlimo.com/about.html,More ▾,27 May 2026 (00:47 UTC)
https://purpleheartlimo.com/testimonials.html,https://purpleheartlimo.com/about.html,More ▾,27 May 2026 (00:47 UTC)
https://purpleheartlimo.com/terms-of-service.html,https://purpleheartlimo.com/about.html,More ▾,27 May 2026 (00:47 UTC)
https://purpleheartlimo.com/flight-tracker.html,https://purpleheartlimo.com/about.html,More ▾,27 May 2026 (00:47 UTC)
https://purpleheartlimo.com/locations/,https://purpleheartlimo.com/about.html,More ▾,27 May 2026 (00:47 UTC)
https://purpleheartlimo.com/gallery.html,https://purpleheartlimo.com/about.html,More ▾,27 May 2026 (00:47 UTC)
https://purpleheartlimo.com/contact.html,https://purpleheartlimo.com/about.html,More ▾,27 May 2026 (00:47 UTC)
https://purpleheartlimo.com/booking.html,https://purpleheartlimo.com/about.html,More ▾,27 May 2026 (00:47 UTC)
https://purpleheartlimo.com/services.html,https://purpleheartlimo.com/about.html,More ▾,27 May 2026 (00:47 UTC)
